ID,"First Name","Last Name",Email
1,Maribel,Towne,dagmar75@gmail.com
2,Martina,Heller,dreinger@yahoo.com
3,Santina,Runte,murazik.coty@hotmail.com
4,Ora,Schinner,dwindler@schiller.com
5,Blake,Robel,korey.hagenes@yahoo.com
6,Jessyca,Ruecker,braulio.hodkiewicz@gmail.com
7,Kirstin,Grady,lemke.cyrus@labadie.com
8,Zoe,Hand,kianna34@hotmail.com
9,Johnnie,Corwin,koch.jorge@block.com
10,Sigmund,Prohaska,dagmar.reilly@bradtke.biz
11,Noel,Nicolas,makenzie57@ullrich.biz
12,Rosamond,Terry,arlo.lynch@sanford.com
13,Deanna,Cassin,percy.rice@gmail.com
14,Julie,Breitenberg,tgerhold@stokes.com
15,Rubye,Gerlach,anibal43@gmail.com
16,Lavonne,Volkman,bosco.kaycee@brekke.com
17,Frederik,Osinski,wcole@yahoo.com
18,Madeline,Farrell,paucek.ervin@gmail.com
19,Shanny,Boehm,velda.gleichner@koelpin.com
20,Trey,Bernier,colby95@hotmail.com
21,Colt,Grady,favian.ruecker@murazik.biz
22,Olin,Quigley,wilfredo.dicki@wisoky.com
23,Jackie,Hettinger,pfannerstill.philip@fay.com
24,Korbin,Terry,quinn05@yahoo.com
25,Antonietta,Kuphal,kieran88@yahoo.com
26,Margret,Will,hansen.rosella@yahoo.com
27,Cindy,Powlowski,wilfredo.gottlieb@yahoo.com
28,Sophie,Wyman,ledner.agustina@fay.com
29,Alexys,Kovacek,bechtelar.cristobal@hotmail.com
30,Annie,Wilderman,jude30@windler.com
31,Dayne,Smitham,alejandra.cole@cole.info
32,Veda,Tremblay,anissa.collins@schoen.net
33,Kadin,Zieme,jared99@hirthe.org
34,Toni,Kshlerin,raheem.harber@yahoo.com
35,Abe,Lindgren,okey34@hotmail.com
36,Karley,Waters,balistreri.makenzie@yahoo.com
37,Geo,Hill,thora42@yahoo.com
38,Jon,Miller,alfonso76@gmail.com
39,Vivianne,Kassulke,alexandra.davis@glover.biz
40,Aniyah,Zieme,marilyne.fadel@renner.com
41,Leilani,Kilback,tamia98@hotmail.com
42,Gerald,Hirthe,beer.elva@mills.info
43,Cierra,Kris,ulittle@spencer.org
44,Eloy,Beer,ykling@adams.org
45,Marisa,Green,qmclaughlin@satterfield.com
46,Trisha,Schaefer,michaela.sanford@hotmail.com
47,Mustafa,Nolan,skohler@yahoo.com
48,Trinity,Bradtke,moen.reginald@hotmail.com
49,Madaline,Bogan,paris.bahringer@davis.net
50,Christine,Mills,elna35@hagenes.biz
